{
  "RECORDS":[
    {
      "ID":"1",
      "MALL_CATEGORY_NAME":"新鲜水果",
      "IMAGE":"http:\/\/images.baixingliangfan.cn\/firstCategoryPicture\/20180408\/20180408111959_2837.png",
      "TYPE":2,
      "SORT":1,
      "COMMENTS":null
    },
    {
      "ID":"2",
      "MALL_CATEGORY_NAME":"中外名酒",
      "IMAGE":"http:\/\/images.baixingliangfan.cn\/firstCategoryPicture\/20180408\/20180408112010_4489.png",
      "TYPE":2,
      "SORT":2,
      "COMMENTS":null
    },
    {
      "ID":"3",
      "MALL_CATEGORY_NAME":"营养奶品",
      "IMAGE":"http:\/\/images.baixingliangfan.cn\/firstCategoryPicture\/20180408\/20180408113102_1595.png",
      "TYPE":2,
      "SORT":3,
      "COMMENTS":null
    },
    {
      "ID":"4",
      "MALL_CATEGORY_NAME":"个人护理",
      "IMAGE":"http:\/\/images.baixingliangfan.cn\/firstCategoryPicture\/20180408\/20180408112053_8191.png",
      "TYPE":2,
      "SORT":5,
      "COMMENTS":null
    },
    {
      "ID":"5",
      "MALL_CATEGORY_NAME":"食品饮料",
      "IMAGE":"http:\/\/images.baixingliangfan.cn\/firstCategoryPicture\/20180408\/20180408113048_1276.png",
      "TYPE":2,
      "SORT":4,
      "COMMENTS":null
    }
  ]
}
